{
    "available recipes": [
        {
            "plants needed": [
                {
                    "Stems in Stock": 30,
                    "Stem Price": 4.95,
                    "name": "Gerbera Daisy"
                },
                {
                    "Stems in Stock": 100,
                    "Stem Price": 1,
                    "name": "Leather Leaf"
                },
                {
                    "Stems in Stock": 31,
                    "Stem Price": 3.95,
                    "name": "Mums"
                }
            ],
            "material cost": 8,
            "stems needed": [
                15,
                8,
                3
            ],
            "name": "Summer Day"
        },
        {
            "plants needed": [
                {
                    "Stems in Stock": 25,
                    "Stem Price": 6,
                    "name": "Lily"
                },
                {
                    "Stems in Stock": 40,
                    "Stem Price": 4.5,
                    "name": "Rose"
                }
            ],
            "material cost": 2,
            "stems needed": [
                3,
                6
            ],
            "name": "Good Luck Bouquet"
        },
        {
            "plants needed": [
                {
                    "Stems in Stock": 40,
                    "Stem Price": 4.5,
                    "name": "Rose"
                },
                {
                    "Stems in Stock": 100,
                    "Stem Price": 1,
                    "name": "Leather Leaf"
                },
                {
                    "Stems in Stock": 31,
                    "Stem Price": 3.95,
                    "name": "Mums"
                }
            ],
            "material cost": 9.5,
            "stems needed": [
                9,
                8,
                6
            ],
            "name": "Pretty Purples"
        }
    ],
    "current orders": [
        {
            "Status": "Not Complete",
            "Recipes": [{
                "plants needed": [
                    {
                        "Stems in Stock": 30,
                        "Stem Price": 4.95,
                        "name": "Gerbera Daisy"
                    },
                    {
                        "Stems in Stock": 100,
                        "Stem Price": 1,
                        "name": "Leather Leaf"
                    },
                    {
                        "Stems in Stock": 31,
                        "Stem Price": 3.95,
                        "name": "Mums"
                    }
                ],
                "material cost": 8,
                "stems needed": [
                    15,
                    8,
                    3
                ],
                "name": "Summer Day"
            }],
            "Order Number": 1
        },
        {
            "Status": "Not Complete",
            "Recipes": [
                {
                    "plants needed": [
                        {
                            "Stems in Stock": 25,
                            "Stem Price": 6,
                            "name": "Lily"
                        },
                        {
                            "Stems in Stock": 40,
                            "Stem Price": 4.5,
                            "name": "Rose"
                        }
                    ],
                    "material cost": 2,
                    "stems needed": [
                        3,
                        6
                    ],
                    "name": "Good Luck Bouquet"
                },
                {
                    "plants needed": [
                        {
                            "Stems in Stock": 40,
                            "Stem Price": 4.5,
                            "name": "Rose"
                        },
                        {
                            "Stems in Stock": 100,
                            "Stem Price": 1,
                            "name": "Leather Leaf"
                        },
                        {
                            "Stems in Stock": 31,
                            "Stem Price": 3.95,
                            "name": "Mums"
                        }
                    ],
                    "material cost": 9.5,
                    "stems needed": [
                        9,
                        8,
                        6
                    ],
                    "name": "Pretty Purples"
                }
            ],
            "Order Number": 2
        },
        {
            "Status": "Not Complete",
            "Recipes": [
                {
                    "plants needed": [
                        {
                            "Stems in Stock": 30,
                            "Stem Price": 4.95,
                            "name": "Gerbera Daisy"
                        },
                        {
                            "Stems in Stock": 100,
                            "Stem Price": 1,
                            "name": "Leather Leaf"
                        },
                        {
                            "Stems in Stock": 31,
                            "Stem Price": 3.95,
                            "name": "Mums"
                        }
                    ],
                    "material cost": 8,
                    "stems needed": [
                        15,
                        8,
                        3
                    ],
                    "name": "Summer Day"
                },
                {
                    "plants needed": [
                        {
                            "Stems in Stock": 30,
                            "Stem Price": 4.95,
                            "name": "Gerbera Daisy"
                        },
                        {
                            "Stems in Stock": 100,
                            "Stem Price": 1,
                            "name": "Leather Leaf"
                        },
                        {
                            "Stems in Stock": 31,
                            "Stem Price": 3.95,
                            "name": "Mums"
                        }
                    ],
                    "material cost": 8,
                    "stems needed": [
                        15,
                        8,
                        3
                    ],
                    "name": "Summer Day"
                },
                {
                    "plants needed": [
                        {
                            "Stems in Stock": 25,
                            "Stem Price": 6,
                            "name": "Lily"
                        },
                        {
                            "Stems in Stock": 40,
                            "Stem Price": 4.5,
                            "name": "Rose"
                        }
                    ],
                    "material cost": 2,
                    "stems needed": [
                        3,
                        6
                    ],
                    "name": "Good Luck Bouquet"
                }
            ],
            "Order Number": 3
        }
    ],
    "completed orders": [],
    "name": "My Flower Shop",
    "plant inventory": [
        {
            "Stems in Stock": 40,
            "Stem Price": 4.5,
            "name": "Rose"
        },
        {
            "Stems in Stock": 25,
            "Stem Price": 6,
            "name": "Lily"
        },
        {
            "Stems in Stock": 100,
            "Stem Price": 1,
            "name": "Leather Leaf"
        },
        {
            "Stems in Stock": 80,
            "Stem Price": 2.5,
            "name": "Salal"
        },
        {
            "Stems in Stock": 31,
            "Stem Price": 3.95,
            "name": "Mums"
        },
        {
            "Stems in Stock": 60,
            "Stem Price": 2.95,
            "name": "Mrtyle"
        },
        {
            "Stems in Stock": 30,
            "Stem Price": 4.95,
            "name": "Hypericum"
        },
        {
            "Stems in Stock": 30,
            "Stem Price": 4.95,
            "name": "Gerbera Daisy"
        },
        {
            "Stems in Stock": 26,
            "Stem Price": 1,
            "name": "Fern"
        }
    ]
}