{
    "available recipes": [],
    "current orders": [],
    "completed orders": [],
    "name": "Sprout Stock",
    "plant inventory": [
        {
            "Stems in Stock": 35,
            "Stem Price": 5.95,
            "name": "Lily"
        },
        {
            "Stems in Stock": 75,
            "Stem Price": 4.5,
            "name": "Rose"
        },
        {
            "Stems in Stock": 30,
            "Stem Price": 3.95,
            "name": "Mums"
        },
        {
            "Stems in Stock": 100,
            "Stem Price": 1,
            "name": "Leather Leaf"
        },
        {
            "Stems in Stock": 20,
            "Stem Price": 2.95,
            "name": "Salal"
        },
        {
            "Stems in Stock": 30,
            "Stem Price": 3.95,
            "name": "Alstromeria"
        }
    ]
}