{
    "available recipes": [{
        "plants needed": [
            {
                "Stems in Stock": 25,
                "Stem Price": 4.5,
                "name": "Rose"
            },
            {
                "Stems in Stock": 10,
                "Stem Price": 9.95,
                "name": "Lily"
            }
        ],
        "material cost": 5,
        "stems needed": [
            10,
            3
        ],
        "name": "testRecipe"
    }],
    "current orders": [{
        "Status": "Not Complete",
        "Recipes": [{
            "plants needed": [
                {
                    "Stems in Stock": 25,
                    "Stem Price": 4.5,
                    "name": "Rose"
                },
                {
                    "Stems in Stock": 10,
                    "Stem Price": 9.95,
                    "name": "Lily"
                }
            ],
            "material cost": 5,
            "stems needed": [
                10,
                3
            ],
            "name": "testRecipe"
        }],
        "Order Number": 140
    }],
    "completed orders": [{
        "Status": "Complete",
        "Recipes": [{
            "plants needed": [
                {
                    "Stems in Stock": 25,
                    "Stem Price": 4.5,
                    "name": "Rose"
                },
                {
                    "Stems in Stock": 10,
                    "Stem Price": 9.95,
                    "name": "Lily"
                }
            ],
            "material cost": 5,
            "stems needed": [
                10,
                3
            ],
            "name": "testRecipe"
        }],
        "Order Number": 139
    }],
    "name": "Sample Flower Shop",
    "plant inventory": [
        {
            "Stems in Stock": 25,
            "Stem Price": 4.5,
            "name": "Rose"
        },
        {
            "Stems in Stock": 10,
            "Stem Price": 9.95,
            "name": "Lily"
        }
    ]
}