{
  "name": "Sample Flower Shop",
  "plant inventory": [
      {
        "name": "Rose",
        "Stem Price": 4.50,
        "Stems in Stock": 50
      },
      {
        "name": "Lily",
        "Stem Price": 9.95,
        "Stems in Stock": 25
      },
      {
        "name": "Leather Leaf",
        "Stem Price": 1.00,
        "Stems in Stock": 100
      }
  ],
  "available recipes": [
      {
        "name": "Summer Day",
        "material cost": 8.00,
        "plants needed": [
          {
            "name": "Rose",
            "Stem Price": 4.50,
            "Stems in Stock": 50
          },
          {
            "name": "Lily",
            "Stem Price": 9.95,
            "Stems in Stock": 25
          }
        ],
        "stems needed": [
          6,
          8
        ]
      },

    {
      "name": "Roses Galore",
      "material cost": 12.50,
      "plants needed": [
        {
          "name": "Rose",
          "Stem Price": 4.50,
          "Stems in Stock": 50
        },
        {
          "name": "Leather Leaf",
          "Stem Price": 1.00,
          "Stems in Stock": 100
        }
      ],
      "stems needed": [
        24,
        10
      ]
    },

    {
      "name": "Nothing but Greens",
      "material cost": 5.00,
      "plants needed": [
        {
          "name": "Leather Leaf",
          "Stem Price": 1.00,
          "Stems in Stock": 100
        }
      ],
      "stems needed": [
        20
      ]
    }

  ],
  "current orders": [
    {
      "Order Number": 1,
      "Status": "Not Complete",
      "Recipes": [
        {
          "name": "Nothing but Greens",
          "material cost": 5.00,
          "plants needed": [
            {
              "name": "Leather Leaf",
              "Stem Price": 1.00,
              "Stems in Stock": 100
            }
          ],
          "stems needed": [
            20
          ]
        },
        {
          "name": "Roses Galore",
          "material cost": 12.50,
          "plants needed": [
            {
              "name": "Rose",
              "Stem Price": 4.50,
              "Stems in Stock": 50
            },
            {
              "name": "Leather Leaf",
              "Stem Price": 1.00,
              "Stems in Stock": 100
            }
          ],
          "stems needed": [
            24,
            10
          ]
        }
      ]
    },
    {
      "Order Number": 2,
      "Status": "Not Complete",
      "Recipes": [
        {
          "name": "Nothing but Greens",
          "material cost": 5.00,
          "plants needed": [
            {
              "name": "Leather Leaf",
              "Stem Price": 1.00,
              "Stems in Stock": 100
            }
          ],
          "stems needed": [
            20
          ]
        }
      ]
    }
  ],
  "completed orders": [
    {
      "Order Number": 3,
      "Status": "Complete",
      "Recipes": [
        {
          "name": "Nothing but Greens",
          "material cost": 5.00,
          "plants needed": [
            {
              "name": "Leather Leaf",
              "Stem Price": 1.00,
              "Stems in Stock": 100
            }
          ],
          "stems needed": [
            20
          ]
        }
      ]
    }
  ]
}



